{"loss": [0.025703370571136475, 0.02087593823671341, 0.019984081387519836, 0.019065091386437416, 0.0187440924346447, 0.018164116889238358, 0.017914658412337303, 0.01766660250723362, 0.017182134091854095], "val_loss": [0.03138362988829613, 0.030432386323809624, 0.03408370912075043, 0.0304596945643425, 0.03394469991326332, 0.033514391630887985, 0.03334444761276245, 0.03364081680774689, 0.0368431881070137], "learning_rate": [0.0010000000474974513, 0.0010000000474974513, 0.0010000000474974513, 0.0010000000474974513, 0.0010000000474974513, 0.0005000000237487257, 0.0005000000237487257, 0.0005000000237487257, 0.0002500000118743628]}