{"loss": [0.023022059351205826, 0.016955405473709106, 0.015683593228459358, 0.014705424197018147, 0.013964101672172546, 0.01361257117241621, 0.013308674097061157, 0.012869623489677906, 0.012697307392954826, 0.01239731628447771, 0.012268043123185635, 0.012026439420878887, 0.011856908909976482, 0.011629319749772549, 0.011460835114121437, 0.011333688162267208, 0.010811489075422287, 0.01049189455807209, 0.010294334031641483, 0.01002432033419609], "val_loss": [0.025951845571398735, 0.024995336309075356, 0.020552169531583786, 0.022134579718112946, 0.02010493353009224, 0.019888848066329956, 0.01958051510155201, 0.01897040382027626, 0.02100992202758789, 0.018272288143634796, 0.0188247412443161, 0.019817808642983437, 0.018101152032613754, 0.018655885010957718, 0.019240569323301315, 0.019408416002988815, 0.01935277134180069, 0.020374273881316185, 0.019640086218714714, 0.020858347415924072], "learning_rate": [0.0010000000474974513, 0.0010000000474974513, 0.0010000000474974513, 0.0010000000474974513, 0.0010000000474974513, 0.0010000000474974513, 0.0010000000474974513, 0.0010000000474974513, 0.0010000000474974513, 0.0010000000474974513, 0.0010000000474974513, 0.0010000000474974513, 0.0010000000474974513, 0.0010000000474974513, 0.0010000000474974513, 0.0010000000474974513, 0.0005000000237487257, 0.0005000000237487257, 0.0005000000237487257, 0.0002500000118743628]}