{"loss": [0.024666229262948036, 0.018818490207195282, 0.018036648631095886, 0.017061671242117882, 0.016800379380583763, 0.016420774161815643, 0.015888696536421776, 0.01557718962430954, 0.015397476963698864, 0.015080990269780159], "val_loss": [0.028393222019076347, 0.026952676475048065, 0.026837389916181564, 0.030539432540535927, 0.037035029381513596, 0.0316181406378746, 0.03136507794260979, 0.03317101299762726, 0.037358447909355164, 0.033139776438474655], "learning_rate": [0.0010000000474974513, 0.0010000000474974513, 0.0010000000474974513, 0.0010000000474974513, 0.0010000000474974513, 0.0010000000474974513, 0.0005000000237487257, 0.0005000000237487257, 0.0005000000237487257, 0.0002500000118743628]}