{"loss": [0.017059752717614174, 0.010989910922944546, 0.010488441213965416, 0.010027988813817501, 0.009710082784295082, 0.009309095330536366, 0.009188249707221985, 0.009155302308499813, 0.008793968707323074], "val_loss": [0.011178274638950825, 0.010273288004100323, 0.010888059623539448, 0.010312504135072231, 0.011446921154856682, 0.0119406096637249, 0.0133306123316288, 0.012434172444045544, 0.012354974634945393], "learning_rate": [0.0010000000474974513, 0.0010000000474974513, 0.0010000000474974513, 0.0010000000474974513, 0.0010000000474974513, 0.0005000000237487257, 0.0005000000237487257, 0.0005000000237487257, 0.0002500000118743628]}