{"loss": [0.01593927852809429, 0.010071360506117344, 0.009414379484951496, 0.009015084244310856, 0.008551673963665962, 0.008359318599104881, 0.008246533572673798, 0.008085942827165127, 0.007984000258147717, 0.007813806645572186, 0.007651543244719505, 0.007566340733319521, 0.0073496391996741295, 0.007196896243840456, 0.007078698370605707, 0.006955491378903389], "val_loss": [0.009290913119912148, 0.009246391244232655, 0.011141380295157433, 0.009750299155712128, 0.009037451818585396, 0.008693372830748558, 0.008573330007493496, 0.008954804390668869, 0.008247544057667255, 0.008666079491376877, 0.008604589849710464, 0.009834649972617626, 0.009153208695352077, 0.008935404010117054, 0.0084455581381917, 0.010074158199131489], "learning_rate": [0.0010000000474974513, 0.0010000000474974513, 0.0010000000474974513, 0.0010000000474974513, 0.0005000000237487257, 0.0005000000237487257, 0.0005000000237487257, 0.0005000000237487257, 0.0005000000237487257, 0.0005000000237487257, 0.0005000000237487257, 0.0005000000237487257, 0.0002500000118743628, 0.0002500000118743628, 0.0002500000118743628, 0.0001250000059371814]}