{"loss": [0.014516036957502365, 0.008648871444165707, 0.007742088288068771, 0.00718146376311779, 0.0068182446993887424, 0.006610897369682789, 0.006254485808312893, 0.006142802536487579, 0.006016201805323362, 0.005999955348670483, 0.005901912227272987, 0.005713418126106262, 0.005708775483071804, 0.005638314876705408, 0.005521291866898537], "val_loss": [0.008924492634832859, 0.007748099975287914, 0.00719068618491292, 0.009487266652286053, 0.007334369234740734, 0.007430346217006445, 0.007586344610899687, 0.007067267317324877, 0.007223021704703569, 0.007883925922214985, 0.007344912271946669, 0.007370941340923309, 0.00715980539098382, 0.007371348794549704, 0.007187901996076107], "learning_rate": [0.0010000000474974513, 0.0010000000474974513, 0.0010000000474974513, 0.0010000000474974513, 0.0010000000474974513, 0.0010000000474974513, 0.0005000000237487257, 0.0005000000237487257, 0.0005000000237487257, 0.0005000000237487257, 0.0005000000237487257, 0.0002500000118743628, 0.0002500000118743628, 0.0002500000118743628, 0.0001250000059371814]}