{"loss": [0.007851077243685722, 0.005854320712387562, 0.005530495662242174, 0.0053415182046592236, 0.005158891901373863, 0.00503185112029314, 0.004875543061643839, 0.004597172606736422, 0.004487666301429272, 0.00445037055760622, 0.0041571687906980515], "val_loss": [0.010156331583857536, 0.010297464206814766, 0.009298666380345821, 0.009196070954203606, 0.009577176533639431, 0.009826384484767914, 0.00972250010818243, 0.009599917568266392, 0.009662755765020847, 0.010354285128414631, 0.009878668934106827], "learning_rate": [0.0010000000474974513, 0.0010000000474974513, 0.0010000000474974513, 0.0010000000474974513, 0.0010000000474974513, 0.0010000000474974513, 0.0010000000474974513, 0.0005000000237487257, 0.0005000000237487257, 0.0005000000237487257, 0.0002500000118743628]}