{"loss": [0.007770659867674112, 0.005507745314389467, 0.0051777842454612255, 0.004933684598654509, 0.004866159055382013, 0.004616471007466316, 0.0044784233905375, 0.00436326814815402, 0.004311167169362307, 0.004192933905869722, 0.004012684803456068, 0.003985863644629717, 0.0038922159001231194, 0.0039005493745207787, 0.0038371458649635315, 0.0037419034633785486, 0.0036780396476387978, 0.003676222637295723, 0.003599204123020172], "val_loss": [0.009077128022909164, 0.009298831224441528, 0.008224530145525932, 0.00807904452085495, 0.008454113267362118, 0.008751684799790382, 0.007887564599514008, 0.007821544073522091, 0.007884703576564789, 0.008308554999530315, 0.008056544698774815, 0.007657920941710472, 0.007846789434552193, 0.00798256229609251, 0.008031120523810387, 0.008003956638276577, 0.007842674851417542, 0.007850348949432373, 0.008135989308357239], "learning_rate": [0.0010000000474974513, 0.0010000000474974513, 0.0010000000474974513, 0.0010000000474974513, 0.0010000000474974513, 0.0010000000474974513, 0.0010000000474974513, 0.0010000000474974513, 0.0010000000474974513, 0.0010000000474974513, 0.0005000000237487257, 0.0005000000237487257, 0.0005000000237487257, 0.0005000000237487257, 0.0005000000237487257, 0.0002500000118743628, 0.0002500000118743628, 0.0002500000118743628, 0.0001250000059371814]}