{"loss": [0.008315329439938068, 0.006283114664256573, 0.006065670400857925, 0.005857118871062994, 0.0056396652944386005, 0.005552184768021107, 0.005238647107034922, 0.004822778049856424, 0.004883252549916506, 0.0046254713088274, 0.004336546640843153], "val_loss": [0.01108341570943594, 0.011175831779837608, 0.011132558807730675, 0.010359697975218296, 0.010654255747795105, 0.010633233934640884, 0.010845053009688854, 0.010769993998110294, 0.01129296887665987, 0.010695472359657288, 0.010862492956221104], "learning_rate": [0.0010000000474974513, 0.0010000000474974513, 0.0010000000474974513, 0.0010000000474974513, 0.0010000000474974513, 0.0010000000474974513, 0.0010000000474974513, 0.0005000000237487257, 0.0005000000237487257, 0.0005000000237487257, 0.0002500000118743628]}