{"loss": [0.028032978996634483, 0.020531704649329185, 0.017875373363494873, 0.0168010201305151, 0.015885015949606895, 0.015328091569244862, 0.014936990104615688, 0.014148134738206863, 0.01385702658444643, 0.013624985702335835, 0.013547251001000404, 0.013207106851041317, 0.013046696782112122, 0.01279225293546915, 0.012619838118553162, 0.012459849007427692, 0.011853151023387909, 0.011685337871313095, 0.011523354798555374, 0.011215085163712502], "val_loss": [0.014040028676390648, 0.0132217388600111, 0.01190921664237976, 0.011410880833864212, 0.011934325098991394, 0.011315238662064075, 0.012118268758058548, 0.010851092636585236, 0.010936359874904156, 0.010730179026722908, 0.011678664945065975, 0.011150022968649864, 0.01049875095486641, 0.011401979252696037, 0.011203453876078129, 0.011820812709629536, 0.011299638077616692, 0.011182754300534725, 0.011270366609096527, 0.011332775466144085], "learning_rate": [0.0010000000474974513, 0.0010000000474974513, 0.0010000000474974513, 0.0010000000474974513, 0.0010000000474974513, 0.0010000000474974513, 0.0010000000474974513, 0.0005000000237487257, 0.0005000000237487257, 0.0005000000237487257, 0.0005000000237487257, 0.0005000000237487257, 0.0005000000237487257, 0.0005000000237487257, 0.0005000000237487257, 0.0005000000237487257, 0.0002500000118743628, 0.0002500000118743628, 0.0002500000118743628, 0.0001250000059371814]}