{"loss": [0.038759730756282806, 0.031697504222393036, 0.029097728431224823, 0.027162296697497368, 0.025467246770858765, 0.024698706343770027, 0.02385893650352955, 0.023176157847046852, 0.022542675957083702, 0.021281909197568893, 0.020731376484036446, 0.02026963047683239, 0.019334543496370316, 0.019064469262957573, 0.018724428489804268], "val_loss": [0.02121078036725521, 0.02196660079061985, 0.021299175918102264, 0.02180502563714981, 0.021458199247717857, 0.020316945388913155, 0.022130167111754417, 0.02027406357228756, 0.021848564967513084, 0.024122124537825584, 0.024574516341090202, 0.025062624365091324, 0.024867849424481392, 0.02399168163537979, 0.02497018501162529], "learning_rate": [0.0010000000474974513, 0.0010000000474974513, 0.0010000000474974513, 0.0010000000474974513, 0.0005000000237487257, 0.0005000000237487257, 0.0005000000237487257, 0.0005000000237487257, 0.0005000000237487257, 0.0002500000118743628, 0.0002500000118743628, 0.0002500000118743628, 0.0001250000059371814, 0.0001250000059371814, 0.0001250000059371814]}