{"loss": [0.03324156254529953, 0.02662072516977787, 0.02416280470788479, 0.022644883021712303, 0.02173607423901558, 0.02097683772444725, 0.019694743677973747, 0.018981732428073883, 0.018572209402918816, 0.01765589602291584, 0.017199652269482613], "val_loss": [0.017827102914452553, 0.018412906676530838, 0.017286892980337143, 0.017207935452461243, 0.017385168001055717, 0.01756391115486622, 0.01745624653995037, 0.017622241750359535, 0.018853262066841125, 0.01786331832408905, 0.018361840397119522], "learning_rate": [0.0010000000474974513, 0.0010000000474974513, 0.0010000000474974513, 0.0010000000474974513, 0.0010000000474974513, 0.0010000000474974513, 0.0005000000237487257, 0.0005000000237487257, 0.0005000000237487257, 0.0002500000118743628, 0.0002500000118743628]}