{"loss": [0.005656365770846605, 0.00444508483633399, 0.004221084527671337, 0.004105955362319946, 0.004025120288133621, 0.003863863879814744, 0.0038387151435017586, 0.0037850297521799803, 0.0036779341753572226, 0.0036217859014868736, 0.0035717494320124388, 0.0034940997138619423], "val_loss": [0.004798851441591978, 0.004676643293350935, 0.00504220649600029, 0.004638558719307184, 0.0046257865615189075, 0.004743698053061962, 0.004673875402659178, 0.004692320711910725, 0.0046350364573299885, 0.004660732112824917, 0.004704691004008055, 0.004714241251349449], "learning_rate": [0.0010000000474974513, 0.0010000000474974513, 0.0010000000474974513, 0.0010000000474974513, 0.0010000000474974513, 0.0005000000237487257, 0.0005000000237487257, 0.0005000000237487257, 0.0002500000118743628, 0.0002500000118743628, 0.0002500000118743628, 0.0001250000059371814]}