{"loss": [0.005776583682745695, 0.003488318994641304, 0.003115634433925152, 0.002904421417042613, 0.002774290507659316, 0.0026625909376889467, 0.002559597371146083, 0.0024938383139669895, 0.0024436060339212418, 0.0023548046592622995, 0.00229994161054492, 0.0022993560414761305, 0.0022731604985892773, 0.002281980123370886, 0.0022481237538158894, 0.0021957317367196083, 0.002180135576054454, 0.0021505900658667088, 0.0021241051144897938], "val_loss": [0.004168535117059946, 0.0038012221921235323, 0.0035847797989845276, 0.003483485896140337, 0.003454984165728092, 0.003330764826387167, 0.0034496162552386522, 0.003292514244094491, 0.0032770924735814333, 0.003233341034501791, 0.0032498163636773825, 0.003212484996765852, 0.003266600426286459, 0.003225383348762989, 0.0032421506475657225, 0.0032404609955847263, 0.0032274145632982254, 0.0032567884773015976, 0.0032614252995699644], "learning_rate": [0.0010000000474974513, 0.0010000000474974513, 0.0010000000474974513, 0.0010000000474974513, 0.0010000000474974513, 0.0010000000474974513, 0.0010000000474974513, 0.0010000000474974513, 0.0010000000474974513, 0.0005000000237487257, 0.0005000000237487257, 0.0005000000237487257, 0.0005000000237487257, 0.0005000000237487257, 0.0005000000237487257, 0.0002500000118743628, 0.0002500000118743628, 0.0002500000118743628, 0.0001250000059371814]}