{"loss": [0.006368384230881929, 0.004215957131236792, 0.003897520015016198, 0.003770679235458374, 0.0036545246839523315, 0.0035599698312580585, 0.003416100051254034, 0.0033638011664152145, 0.0033182583283632994, 0.003229929367080331, 0.003199912840500474, 0.0031622927635908127], "val_loss": [0.0046151019632816315, 0.004616379272192717, 0.004451092332601547, 0.004546022042632103, 0.004358580335974693, 0.004457336850464344, 0.004459657706320286, 0.00439880508929491, 0.004440756514668465, 0.004381675738841295, 0.004493825137615204, 0.004417217802256346], "learning_rate": [0.0010000000474974513, 0.0010000000474974513, 0.0010000000474974513, 0.0010000000474974513, 0.0010000000474974513, 0.0010000000474974513, 0.0005000000237487257, 0.0005000000237487257, 0.0005000000237487257, 0.0002500000118743628, 0.0002500000118743628, 0.0002500000118743628]}