{"loss": [0.010810780338943005, 0.008976484648883343, 0.008447688072919846, 0.008084271103143692, 0.00782113615423441, 0.007560110650956631, 0.0072226389311254025, 0.007058223243802786, 0.006953502539545298, 0.006643501576036215], "val_loss": [0.006581377238035202, 0.00825191754847765, 0.004849482327699661, 0.005708430428057909, 0.004886365029960871, 0.006530892103910446, 0.0049060252495110035, 0.0052931164391338825, 0.006363821215927601, 0.006567754317075014], "learning_rate": [0.0010000000474974513, 0.0010000000474974513, 0.0010000000474974513, 0.0010000000474974513, 0.0010000000474974513, 0.0010000000474974513, 0.0005000000237487257, 0.0005000000237487257, 0.0005000000237487257, 0.0002500000118743628]}