{"loss": [0.009902452118694782, 0.007787766400724649, 0.007223899010568857, 0.006893208250403404, 0.006597430910915136, 0.006247449200600386, 0.006080297287553549, 0.005838755518198013, 0.005615812260657549, 0.0054792785085737705, 0.005277116317301989, 0.005150131415575743, 0.005114644765853882, 0.004923661705106497], "val_loss": [0.005613177549093962, 0.004854132421314716, 0.006182513199746609, 0.004756774753332138, 0.0050755031406879425, 0.004264703951776028, 0.00403901981189847, 0.004639327060431242, 0.004693611524999142, 0.004238341003656387, 0.004264563787728548, 0.00462784618139267, 0.004233593586832285, 0.004317293409258127], "learning_rate": [0.0010000000474974513, 0.0010000000474974513, 0.0010000000474974513, 0.0010000000474974513, 0.0010000000474974513, 0.0005000000237487257, 0.0005000000237487257, 0.0005000000237487257, 0.0005000000237487257, 0.0005000000237487257, 0.0002500000118743628, 0.0002500000118743628, 0.0002500000118743628, 0.0001250000059371814]}