{"loss": [0.011531317606568336, 0.00931744184345007, 0.00861870776861906, 0.008177227340638638, 0.00791074801236391, 0.007685263175517321, 0.007353080902248621, 0.007225933019071817, 0.006981395184993744, 0.006764734163880348, 0.006334088277071714, 0.0061732931062579155, 0.00601135054603219, 0.005737886298447847], "val_loss": [0.00850619189441204, 0.006888433825224638, 0.006730297580361366, 0.005953803192824125, 0.006677043624222279, 0.006096366327255964, 0.005636821035295725, 0.006535327527672052, 0.006711593829095364, 0.006455670110881329, 0.006301907356828451, 0.007090419996529818, 0.007391524966806173, 0.007466414012014866], "learning_rate": [0.0010000000474974513, 0.0010000000474974513, 0.0010000000474974513, 0.0010000000474974513, 0.0010000000474974513, 0.0010000000474974513, 0.0010000000474974513, 0.0010000000474974513, 0.0010000000474974513, 0.0010000000474974513, 0.0005000000237487257, 0.0005000000237487257, 0.0005000000237487257, 0.0002500000118743628]}