{"loss": [0.01475197821855545, 0.011141987517476082, 0.010423865169286728, 0.010046273469924927, 0.009823570027947426, 0.009430646896362305, 0.009186777286231518, 0.008902410976588726, 0.008714435622096062, 0.008568519726395607, 0.008217627182602882], "val_loss": [0.01443264726549387, 0.012149620801210403, 0.01269172877073288, 0.011719417758286, 0.012132675386965275, 0.012643328867852688, 0.015718229115009308, 0.012910531833767891, 0.012375539168715477, 0.012891962192952633, 0.01317713875323534], "learning_rate": [0.0010000000474974513, 0.0010000000474974513, 0.0010000000474974513, 0.0010000000474974513, 0.0010000000474974513, 0.0010000000474974513, 0.0010000000474974513, 0.0005000000237487257, 0.0005000000237487257, 0.0005000000237487257, 0.0002500000118743628]}