{"loss": [0.015101759694516659, 0.012067269533872604, 0.011412259191274643, 0.011051766574382782, 0.01068514958024025, 0.01046882476657629, 0.009842289611697197, 0.009698133915662766, 0.009455140680074692, 0.009119070135056973], "val_loss": [0.014946420677006245, 0.014511230401694775, 0.013735637068748474, 0.014082605950534344, 0.014507725834846497, 0.014822511002421379, 0.014618310146033764, 0.015123460441827774, 0.01574116200208664, 0.014935634098947048], "learning_rate": [0.0010000000474974513, 0.0010000000474974513, 0.0010000000474974513, 0.0010000000474974513, 0.0010000000474974513, 0.0010000000474974513, 0.0005000000237487257, 0.0005000000237487257, 0.0005000000237487257, 0.0002500000118743628]}