{"loss": [0.013082089833915234, 0.00906666275113821, 0.00832442007958889, 0.0077677322551608086, 0.007527452427893877, 0.007144633214920759, 0.006985057145357132, 0.006788584869354963, 0.006448640488088131, 0.006341554690152407, 0.006227692123502493, 0.006008032709360123], "val_loss": [0.01094095315784216, 0.010085535235702991, 0.00933863315731287, 0.008920994587242603, 0.008722846396267414, 0.00953599065542221, 0.008993146941065788, 0.00901813805103302, 0.009295297786593437, 0.008975422009825706, 0.009151453152298927, 0.009195983409881592], "learning_rate": [0.0010000000474974513, 0.0010000000474974513, 0.0010000000474974513, 0.0010000000474974513, 0.0010000000474974513, 0.0010000000474974513, 0.0010000000474974513, 0.0010000000474974513, 0.0005000000237487257, 0.0005000000237487257, 0.0005000000237487257, 0.0002500000118743628]}