{"loss": [0.021526800468564034, 0.017585068941116333, 0.016660891473293304, 0.016367774456739426, 0.015410124324262142, 0.015260587446391582, 0.015015233308076859, 0.014647693373262882], "val_loss": [0.011056539602577686, 0.011392946355044842, 0.011334732174873352, 0.01145219523459673, 0.011068782769143581, 0.011439921334385872, 0.012891708873212337, 0.011422294192016125], "learning_rate": [0.0010000000474974513, 0.0010000000474974513, 0.0010000000474974513, 0.0010000000474974513, 0.0005000000237487257, 0.0005000000237487257, 0.0005000000237487257, 0.0002500000118743628]}