{"loss": [0.024484951049089432, 0.020142879337072372, 0.01924833096563816, 0.01865183748304844, 0.018074527382850647, 0.017789198085665703, 0.01738123409450054, 0.017371417954564095, 0.01666649803519249, 0.016543088480830193, 0.016345199197530746, 0.01605045609176159, 0.015809405595064163, 0.015689678490161896, 0.015490413643419743], "val_loss": [0.012476544827222824, 0.013030598871409893, 0.013936039991676807, 0.013370967470109463, 0.01199290994554758, 0.01244485192000866, 0.01215068344026804, 0.011905568651854992, 0.012917114421725273, 0.014271983876824379, 0.01273083221167326, 0.013014311902225018, 0.012739976868033409, 0.012938141822814941, 0.01294719148427248], "learning_rate": [0.0010000000474974513, 0.0010000000474974513, 0.0010000000474974513, 0.0010000000474974513, 0.0005000000237487257, 0.0005000000237487257, 0.0005000000237487257, 0.0005000000237487257, 0.0002500000118743628, 0.0002500000118743628, 0.0002500000118743628, 0.0001250000059371814, 0.0001250000059371814, 0.0001250000059371814, 6.25000029685907e-05]}