{"loss": [0.020153643563389778, 0.014417051337659359, 0.013092259876430035, 0.012258513830602169, 0.011928663589060307, 0.011591012589633465, 0.01126036699861288, 0.011139314621686935, 0.010851702652871609, 0.010725341737270355, 0.01058195624500513, 0.010398492217063904, 0.010297724045813084, 0.010126467794179916, 0.009724740870296955, 0.00960040558129549, 0.00949109997600317, 0.009168310090899467], "val_loss": [0.011315899901092052, 0.00911503005772829, 0.00882698968052864, 0.009001060388982296, 0.0084784384816885, 0.008274360559880733, 0.009355230256915092, 0.00798457395285368, 0.008994356729090214, 0.008368272334337234, 0.0077006216160953045, 0.007825585082173347, 0.007914775051176548, 0.008334740996360779, 0.008182533085346222, 0.008149285800755024, 0.008112832903862, 0.009286069311201572], "learning_rate": [0.0010000000474974513, 0.0010000000474974513, 0.0010000000474974513, 0.0010000000474974513, 0.0010000000474974513, 0.0010000000474974513, 0.0010000000474974513, 0.0010000000474974513, 0.0010000000474974513, 0.0010000000474974513, 0.0010000000474974513, 0.0010000000474974513, 0.0010000000474974513, 0.0010000000474974513, 0.0005000000237487257, 0.0005000000237487257, 0.0005000000237487257, 0.0002500000118743628]}