{"loss": [0.03196897357702255, 0.026655258610844612, 0.02561880089342594, 0.025171400979161263, 0.024408303201198578, 0.02412104606628418, 0.023205315694212914, 0.02306986041367054, 0.022832676768302917, 0.02259562350809574, 0.02220502868294716, 0.022021088749170303, 0.021766366437077522, 0.020903795957565308, 0.020551370456814766, 0.020353376865386963, 0.019921647384762764], "val_loss": [0.02578062377870083, 0.02571440115571022, 0.024218766018748283, 0.024563292041420937, 0.025230946019291878, 0.024752546101808548, 0.02389661967754364, 0.024069279432296753, 0.024191366508603096, 0.023337043821811676, 0.02409672550857067, 0.02413269504904747, 0.02428285777568817, 0.02413538098335266, 0.024554884061217308, 0.024475857615470886, 0.02446686290204525], "learning_rate": [0.0010000000474974513, 0.0010000000474974513, 0.0010000000474974513, 0.0010000000474974513, 0.0010000000474974513, 0.0010000000474974513, 0.0005000000237487257, 0.0005000000237487257, 0.0005000000237487257, 0.0005000000237487257, 0.0005000000237487257, 0.0005000000237487257, 0.0005000000237487257, 0.0002500000118743628, 0.0002500000118743628, 0.0002500000118743628, 0.0001250000059371814]}