{"loss": [0.027875887230038643, 0.021244797855615616, 0.019681494683027267, 0.0188897717744112, 0.018289459869265556, 0.01764787547290325, 0.017506275326013565, 0.01735083758831024, 0.01725005730986595, 0.017024291679263115, 0.017013438045978546, 0.016583401709794998, 0.016587136313319206, 0.016529172658920288, 0.016245296224951744, 0.01624011993408203], "val_loss": [0.020169001072645187, 0.018297161906957626, 0.018265848979353905, 0.019536856561899185, 0.018609710037708282, 0.01816302165389061, 0.018430788069963455, 0.017717624083161354, 0.017700351774692535, 0.018425732851028442, 0.018069440498948097, 0.018142057582736015, 0.017987506464123726, 0.018222102895379066, 0.018079770728945732, 0.01833539828658104], "learning_rate": [0.0010000000474974513, 0.0010000000474974513, 0.0010000000474974513, 0.0010000000474974513, 0.0010000000474974513, 0.0005000000237487257, 0.0005000000237487257, 0.0005000000237487257, 0.0005000000237487257, 0.0005000000237487257, 0.0005000000237487257, 0.0002500000118743628, 0.0002500000118743628, 0.0002500000118743628, 0.0001250000059371814, 0.0001250000059371814]}