{"loss": [0.029857059940695763, 0.02479475364089012, 0.023946020752191544, 0.02315652184188366, 0.022730281576514244, 0.022346900776028633, 0.021731501445174217, 0.02137596718966961, 0.021225079894065857, 0.02078098990023136], "val_loss": [0.025074461475014687, 0.0233941487967968, 0.023101476952433586, 0.023407140746712685, 0.023697122931480408, 0.02344474010169506, 0.02389993891119957, 0.023779602721333504, 0.024160105735063553, 0.02419297769665718], "learning_rate": [0.0010000000474974513, 0.0010000000474974513, 0.0010000000474974513, 0.0010000000474974513, 0.0010000000474974513, 0.0010000000474974513, 0.0005000000237487257, 0.0005000000237487257, 0.0005000000237487257, 0.0002500000118743628]}