{"loss": [0.027219150215387344, 0.022592637687921524, 0.021574029698967934, 0.02066916599869728, 0.019835101440548897, 0.019510719925165176, 0.018871290609240532, 0.018227990716695786, 0.017191022634506226, 0.01670771837234497, 0.0161895751953125, 0.015282045118510723], "val_loss": [0.008233710192143917, 0.007979529909789562, 0.00882168672978878, 0.008397158235311508, 0.007719544228166342, 0.008346674963831902, 0.00973939523100853, 0.009050315245985985, 0.008620559237897396, 0.008739016950130463, 0.009157568216323853, 0.007984361611306667], "learning_rate": [0.0010000000474974513, 0.0010000000474974513, 0.0010000000474974513, 0.0010000000474974513, 0.0010000000474974513, 0.0010000000474974513, 0.0010000000474974513, 0.0010000000474974513, 0.0005000000237487257, 0.0005000000237487257, 0.0005000000237487257, 0.0002500000118743628]}