{"loss": [0.02112896926701069, 0.015263351611793041, 0.01409770455211401, 0.013602891936898232, 0.013074488379061222, 0.012789919041097164, 0.012552469037473202, 0.012313970364630222, 0.011777346953749657, 0.011551778763532639, 0.011562864296138287, 0.011207066476345062], "val_loss": [0.007003077305853367, 0.005327190272510052, 0.005207092501223087, 0.005545758176594973, 0.005059259943664074, 0.0052678934298455715, 0.005978799890726805, 0.005289817228913307, 0.005084770731627941, 0.0051325722597539425, 0.005074655171483755, 0.0050842249765992165], "learning_rate": [0.0010000000474974513, 0.0010000000474974513, 0.0010000000474974513, 0.0010000000474974513, 0.0010000000474974513, 0.0010000000474974513, 0.0010000000474974513, 0.0010000000474974513, 0.0005000000237487257, 0.0005000000237487257, 0.0005000000237487257, 0.0002500000118743628]}