{"loss": [0.015673747286200523, 0.00924478005617857, 0.008580490946769714, 0.008145307190716267, 0.007866531610488892, 0.007780378684401512, 0.007704300805926323, 0.007482113782316446, 0.007410764694213867, 0.007348605431616306, 0.007216033060103655, 0.007173706311732531, 0.007081524934619665, 0.00714540621265769, 0.006995353847742081, 0.0070250979624688625, 0.006873258389532566], "val_loss": [0.0024963300675153732, 0.0027627490926533937, 0.002707427367568016, 0.002458884147927165, 0.0024712940212339163, 0.002409644890576601, 0.003590966574847698, 0.002373890718445182, 0.002498782007023692, 0.0023707994259893894, 0.0024527038913220167, 0.0025470000691711903, 0.0025982451625168324, 0.00257467245683074, 0.002509548794478178, 0.002536936430260539, 0.002560713794082403], "learning_rate": [0.0010000000474974513, 0.0010000000474974513, 0.0010000000474974513, 0.0010000000474974513, 0.0005000000237487257, 0.0005000000237487257, 0.0005000000237487257, 0.0002500000118743628, 0.0002500000118743628, 0.0002500000118743628, 0.0002500000118743628, 0.0001250000059371814, 0.0001250000059371814, 0.0001250000059371814, 6.25000029685907e-05, 6.25000029685907e-05, 6.25000029685907e-05]}