{"loss": [0.023191161453723907, 0.01875303126871586, 0.017813248559832573, 0.017277183011174202, 0.016715601086616516, 0.015689926221966743, 0.015217012725770473, 0.014964347705245018, 0.014142130501568317, 0.01390513963997364, 0.01372902374714613, 0.013357606716454029], "val_loss": [0.006255144719034433, 0.00615288969129324, 0.006357490550726652, 0.006837301887571812, 0.006126920692622662, 0.006914094090461731, 0.006605945061892271, 0.0064927199855446815, 0.006904786918312311, 0.006923588924109936, 0.006857514381408691, 0.007219262421131134], "learning_rate": [0.0010000000474974513, 0.0010000000474974513, 0.0010000000474974513, 0.0010000000474974513, 0.0010000000474974513, 0.0005000000237487257, 0.0005000000237487257, 0.0005000000237487257, 0.0002500000118743628, 0.0002500000118743628, 0.0002500000118743628, 0.0001250000059371814]}