{"loss": [0.011817960999906063, 0.00711860740557313, 0.006492963060736656, 0.005660805385559797, 0.005368454847484827, 0.0050153713673353195, 0.004742227960377932, 0.004693822469562292, 0.004529155790805817, 0.0043647256679832935], "val_loss": [0.0018719142535701394, 0.0023259343579411507, 0.001592294662259519, 0.0023854065220803022, 0.0015956840943545103, 0.0017941961996257305, 0.001754649681970477, 0.0016966535476967692, 0.00168371363542974, 0.0017612935043871403], "learning_rate": [0.0010000000474974513, 0.0010000000474974513, 0.0010000000474974513, 0.0010000000474974513, 0.0010000000474974513, 0.0010000000474974513, 0.0005000000237487257, 0.0005000000237487257, 0.0005000000237487257, 0.0002500000118743628]}