{"loss": [0.012193090282380581, 0.007899366319179535, 0.007330312393605709, 0.006966267246752977, 0.006660200655460358, 0.006499876733869314, 0.006594072096049786, 0.0062703401781618595, 0.00607609236612916, 0.005984192248433828, 0.005931144580245018, 0.005771305877715349, 0.005744945723563433, 0.005786112975329161, 0.005694221705198288, 0.005701086018234491, 0.005647273268550634], "val_loss": [0.00213764701038599, 0.0020863686222583055, 0.002039883751422167, 0.0020519504323601723, 0.0019643984269350767, 0.002442753640934825, 0.00200645555742085, 0.002118517179042101, 0.0020338904578238726, 0.0019555329345166683, 0.002112354850396514, 0.0019697039388120174, 0.0019895918667316437, 0.0020352406427264214, 0.0020356099121272564, 0.002037317957729101, 0.002037803642451763], "learning_rate": [0.0010000000474974513, 0.0010000000474974513, 0.0010000000474974513, 0.0010000000474974513, 0.0005000000237487257, 0.0005000000237487257, 0.0005000000237487257, 0.0005000000237487257, 0.0002500000118743628, 0.0002500000118743628, 0.0002500000118743628, 0.0001250000059371814, 0.0001250000059371814, 0.0001250000059371814, 6.25000029685907e-05, 6.25000029685907e-05, 6.25000029685907e-05]}