{"loss": [0.010775187984108925, 0.0083609689027071, 0.007990136742591858, 0.007634395267814398, 0.007325847167521715, 0.007171700242906809, 0.007046927232295275, 0.006896191276609898, 0.006660643499344587, 0.006545690353959799, 0.006427384912967682, 0.006255431100726128], "val_loss": [0.006910029798746109, 0.006949314381927252, 0.0070535289123654366, 0.007309942971915007, 0.0066230883821845055, 0.006891402881592512, 0.006967635825276375, 0.0068601761013269424, 0.006811467930674553, 0.0068788896314799786, 0.006711840629577637, 0.00690245209261775], "learning_rate": [0.0010000000474974513, 0.0010000000474974513, 0.0010000000474974513, 0.0010000000474974513, 0.0005000000237487257, 0.0005000000237487257, 0.0005000000237487257, 0.0005000000237487257, 0.0002500000118743628, 0.0002500000118743628, 0.0002500000118743628, 0.0001250000059371814]}