{"loss": [0.009922412224113941, 0.0073964353650808334, 0.007014870177954435, 0.006762104108929634, 0.0065020290203392506, 0.006217238958925009, 0.006132073234766722, 0.005828931927680969, 0.005700216628611088, 0.00560166547074914, 0.005381403025239706, 0.005308729596436024, 0.0052056098356842995, 0.005078206770122051], "val_loss": [0.0058103278279304504, 0.005960730370134115, 0.005745371337980032, 0.005619577132165432, 0.005652693100273609, 0.005607690662145615, 0.005578172393143177, 0.005598672665655613, 0.005682351533323526, 0.006099478807300329, 0.005729309748858213, 0.005768007133156061, 0.005701067391782999, 0.005742367822676897], "learning_rate": [0.0010000000474974513, 0.0010000000474974513, 0.0010000000474974513, 0.0010000000474974513, 0.0010000000474974513, 0.0010000000474974513, 0.0010000000474974513, 0.0005000000237487257, 0.0005000000237487257, 0.0005000000237487257, 0.0002500000118743628, 0.0002500000118743628, 0.0002500000118743628, 0.0001250000059371814]}