{"loss": [0.008607962168753147, 0.006267528049647808, 0.005717237014323473, 0.005411102902144194, 0.0051787253469228745, 0.004929906222969294, 0.00483363401144743, 0.004550127312541008, 0.004499460570514202, 0.004374048672616482, 0.004276919644325972, 0.004271919839084148, 0.004204402212053537, 0.004031287040561438, 0.003947956953197718, 0.003912513609975576, 0.003812928218394518, 0.003785875393077731, 0.0037515168078243732, 0.0036991448141634464, 0.003682076698169112, 0.0036717175971716642, 0.0036255293525755405], "val_loss": [0.005143411923199892, 0.004862317815423012, 0.004110861103981733, 0.0038325779605656862, 0.004083656240254641, 0.004019871354103088, 0.003808273235335946, 0.0037715265061706305, 0.003875244874507189, 0.0036483074072748423, 0.0037457456346601248, 0.003651929087936878, 0.003773389384150505, 0.0036626001819968224, 0.0037657958455383778, 0.0035588634200394154, 0.003630050690844655, 0.0035912138409912586, 0.0036648428067564964, 0.003650625701993704, 0.0036946693435311317, 0.003658537520095706, 0.0036212883424013853], "learning_rate": [0.0010000000474974513, 0.0010000000474974513, 0.0010000000474974513, 0.0010000000474974513, 0.0010000000474974513, 0.0010000000474974513, 0.0010000000474974513, 0.0005000000237487257, 0.0005000000237487257, 0.0005000000237487257, 0.0005000000237487257, 0.0005000000237487257, 0.0005000000237487257, 0.0002500000118743628, 0.0002500000118743628, 0.0002500000118743628, 0.0001250000059371814, 0.0001250000059371814, 0.0001250000059371814, 6.25000029685907e-05, 6.25000029685907e-05, 6.25000029685907e-05, 3.125000148429535e-05]}