{"loss": [0.01582931913435459, 0.010883605107665062, 0.009971536695957184, 0.009449179284274578, 0.009087647311389446, 0.008640233427286148, 0.008464611135423183, 0.008341273292899132, 0.008060721680521965], "val_loss": [0.020709285512566566, 0.019587133079767227, 0.02034018747508526, 0.021089499816298485, 0.023389635607600212, 0.02160332351922989, 0.021840987727046013, 0.02227475866675377, 0.021428149193525314], "learning_rate": [0.0010000000474974513, 0.0010000000474974513, 0.0010000000474974513, 0.0010000000474974513, 0.0010000000474974513, 0.0005000000237487257, 0.0005000000237487257, 0.0005000000237487257, 0.0002500000118743628]}