{"loss": [0.016477180644869804, 0.012701228260993958, 0.011860854923725128, 0.011412786319851875, 0.010794445872306824, 0.010556704364717007, 0.010399438440799713, 0.010034562088549137], "val_loss": [0.030161282047629356, 0.03060147911310196, 0.03309768810868263, 0.030681215226650238, 0.04091501608490944, 0.03243035450577736, 0.03609760105609894, 0.03851925581693649], "learning_rate": [0.0010000000474974513, 0.0010000000474974513, 0.0010000000474974513, 0.0010000000474974513, 0.0005000000237487257, 0.0005000000237487257, 0.0005000000237487257, 0.0002500000118743628]}