{"loss": [0.01478817779570818, 0.011206883005797863, 0.010391009040176868, 0.009808295406401157, 0.009449310600757599, 0.009114997461438179, 0.008798768743872643, 0.008712141774594784, 0.008495258167386055, 0.008361153304576874, 0.008224559016525745, 0.008062911219894886, 0.00797568541020155], "val_loss": [0.02368009462952614, 0.023344997316598892, 0.025107702240347862, 0.02909470722079277, 0.02702244371175766, 0.0232983510941267, 0.02648322656750679, 0.0233936570584774, 0.023619646206498146, 0.024913694709539413, 0.02537609077990055, 0.02571055479347706, 0.026090610772371292], "learning_rate": [0.0010000000474974513, 0.0010000000474974513, 0.0010000000474974513, 0.0010000000474974513, 0.0010000000474974513, 0.0005000000237487257, 0.0005000000237487257, 0.0005000000237487257, 0.0002500000118743628, 0.0002500000118743628, 0.0002500000118743628, 0.0001250000059371814, 0.0001250000059371814]}