{"loss": [0.03236538544297218, 0.02657989226281643, 0.0253730621188879, 0.024458616971969604, 0.023648103699088097, 0.02316097542643547, 0.02212616614997387, 0.021715126931667328, 0.021300001069903374, 0.020468981936573982, 0.02026429772377014, 0.0200043898075819, 0.019483689218759537, 0.01927516795694828, 0.0190767589956522, 0.018625296652317047, 0.018590718507766724], "val_loss": [0.01987743005156517, 0.019454365596175194, 0.018321624025702477, 0.019498566165566444, 0.018601324409246445, 0.01883923076093197, 0.018356187269091606, 0.01849428378045559, 0.019313279539346695, 0.018228108063340187, 0.018496667966246605, 0.01948009431362152, 0.019171010702848434, 0.019546829164028168, 0.01906418614089489, 0.020056020468473434, 0.020112480968236923], "learning_rate": [0.0010000000474974513, 0.0010000000474974513, 0.0010000000474974513, 0.0010000000474974513, 0.0010000000474974513, 0.0010000000474974513, 0.0005000000237487257, 0.0005000000237487257, 0.0005000000237487257, 0.0002500000118743628, 0.0002500000118743628, 0.0002500000118743628, 0.0001250000059371814, 0.0001250000059371814, 0.0001250000059371814, 6.25000029685907e-05, 6.25000029685907e-05]}