{"loss": [0.02774064429104328, 0.021992119029164314, 0.020525533705949783, 0.01964646950364113, 0.018753334879875183, 0.01820424571633339, 0.017628412693738937, 0.017229095101356506, 0.016810327768325806, 0.0163983553647995, 0.01604381762444973, 0.01589534431695938, 0.01550486870110035, 0.014669595286250114, 0.014510265551507473, 0.014413691125810146, 0.014150608330965042, 0.013675596565008163, 0.013484613038599491, 0.013337530195713043, 0.012951770797371864], "val_loss": [0.01742461510002613, 0.015502268448472023, 0.016215840354561806, 0.01532648503780365, 0.014738534577190876, 0.015033627860248089, 0.014089051634073257, 0.0146088358014822, 0.014672467485070229, 0.01359285693615675, 0.013830672949552536, 0.013611421920359135, 0.013746236450970173, 0.01319192536175251, 0.014059064909815788, 0.013484505005180836, 0.013982628472149372, 0.013930115848779678, 0.014304284006357193, 0.014413008466362953, 0.013960588723421097], "learning_rate": [0.0010000000474974513, 0.0010000000474974513, 0.0010000000474974513, 0.0010000000474974513, 0.0010000000474974513, 0.0010000000474974513, 0.0010000000474974513, 0.0010000000474974513, 0.0010000000474974513, 0.0010000000474974513, 0.0010000000474974513, 0.0010000000474974513, 0.0010000000474974513, 0.0005000000237487257, 0.0005000000237487257, 0.0005000000237487257, 0.0005000000237487257, 0.0002500000118743628, 0.0002500000118743628, 0.0002500000118743628, 0.0001250000059371814]}