{"loss": [0.03317767381668091, 0.02918083965778351, 0.0281243696808815, 0.027034971863031387, 0.02628830261528492, 0.025585006922483444, 0.024815568700432777, 0.024137748405337334, 0.023285184055566788, 0.02276255376636982, 0.020875152200460434, 0.019940339028835297, 0.01911034621298313, 0.01789877563714981], "val_loss": [0.023528212681412697, 0.022220255807042122, 0.025397170335054398, 0.02162623219192028, 0.021350331604480743, 0.022714827209711075, 0.02107296884059906, 0.026159193366765976, 0.027013704180717468, 0.02634294517338276, 0.025444859638810158, 0.025960711762309074, 0.028227027505636215, 0.030394824221730232], "learning_rate": [0.0010000000474974513, 0.0010000000474974513, 0.0010000000474974513, 0.0010000000474974513, 0.0010000000474974513, 0.0010000000474974513, 0.0010000000474974513, 0.0010000000474974513, 0.0010000000474974513, 0.0010000000474974513, 0.0005000000237487257, 0.0005000000237487257, 0.0005000000237487257, 0.0002500000118743628]}