{"loss": [0.03302128612995148, 0.02763158082962036, 0.026619305834174156, 0.02588859759271145, 0.02462860941886902, 0.024038217961788177, 0.023432740941643715, 0.023393256589770317, 0.0228099524974823, 0.022620048373937607, 0.02250845357775688, 0.021905697882175446, 0.021431736648082733, 0.0211427453905344, 0.021192878484725952, 0.020644940435886383], "val_loss": [0.023011410608887672, 0.022590987384319305, 0.020128482952713966, 0.021849375218153, 0.021328600123524666, 0.02042987011373043, 0.01957109570503235, 0.01980830542743206, 0.019177380949258804, 0.019460059702396393, 0.020544342696666718, 0.021233784034848213, 0.02089093066751957, 0.02043122611939907, 0.02023753523826599, 0.019946206361055374], "learning_rate": [0.0010000000474974513, 0.0010000000474974513, 0.0010000000474974513, 0.0010000000474974513, 0.0010000000474974513, 0.0010000000474974513, 0.0005000000237487257, 0.0005000000237487257, 0.0005000000237487257, 0.0005000000237487257, 0.0005000000237487257, 0.0005000000237487257, 0.0002500000118743628, 0.0002500000118743628, 0.0002500000118743628, 0.0001250000059371814]}