{"loss": [0.03500886633992195, 0.029614215716719627, 0.02825736626982689, 0.027563489973545074, 0.026333454996347427, 0.025891928002238274, 0.0254935584962368, 0.02514115907251835, 0.024586865678429604, 0.024313263595104218, 0.02416238933801651, 0.023333484306931496], "val_loss": [0.02235311269760132, 0.022314084693789482, 0.022646695375442505, 0.022424986585974693, 0.0217207632958889, 0.022335005924105644, 0.021745990961790085, 0.02258681319653988, 0.022963183000683784, 0.022079842165112495, 0.02261454239487648, 0.023088015615940094], "learning_rate": [0.0010000000474974513, 0.0010000000474974513, 0.0010000000474974513, 0.0010000000474974513, 0.0005000000237487257, 0.0005000000237487257, 0.0005000000237487257, 0.0005000000237487257, 0.0002500000118743628, 0.0002500000118743628, 0.0002500000118743628, 0.0001250000059371814]}