{"loss": [0.03888915851712227, 0.03312728554010391, 0.031576622277498245, 0.030393728986382484, 0.029149899259209633, 0.027726929634809494, 0.027326300740242004, 0.026708440855145454, 0.025765862315893173], "val_loss": [0.028748804703354836, 0.024865509942173958, 0.029424693435430527, 0.026310143992304802, 0.02503119967877865, 0.027496768161654472, 0.030239032581448555, 0.02816854976117611, 0.027641661465168], "learning_rate": [0.0010000000474974513, 0.0010000000474974513, 0.0010000000474974513, 0.0010000000474974513, 0.0010000000474974513, 0.0005000000237487257, 0.0005000000237487257, 0.0005000000237487257, 0.0002500000118743628]}