{"loss": [0.010103386826813221, 0.006098652724176645, 0.005649654194712639, 0.00551452673971653, 0.005177956540137529, 0.0050025093369185925, 0.004900878295302391, 0.004751102067530155, 0.004626981448382139, 0.004628450609743595, 0.004484459292143583, 0.004394669085741043], "val_loss": [0.002218448556959629, 0.002068877685815096, 0.0028271558694541454, 0.0018949632067233324, 0.001878407783806324, 0.0023678415454924107, 0.0019193924963474274, 0.0020439173094928265, 0.0020032236352562904, 0.0021962961181998253, 0.0019891427364200354, 0.0020044296979904175], "learning_rate": [0.0010000000474974513, 0.0010000000474974513, 0.0010000000474974513, 0.0010000000474974513, 0.0010000000474974513, 0.0010000000474974513, 0.0010000000474974513, 0.0005000000237487257, 0.0005000000237487257, 0.0005000000237487257, 0.0002500000118743628, 0.0002500000118743628]}