{"loss": [0.011685357429087162, 0.005128184333443642, 0.00456039747223258, 0.004342412110418081, 0.004002308007329702, 0.0037494010757654905, 0.0036357988137751818, 0.003727472387254238, 0.0035281635355204344, 0.0033949115313589573, 0.0034105039667338133, 0.003284359583631158, 0.0032683315221220255, 0.003260934492573142, 0.003225095570087433, 0.003212527371942997, 0.0031922345515340567, 0.003215066622942686, 0.0031815869733691216, 0.003254045033827424, 0.003202431835234165], "val_loss": [0.0015220142668113112, 0.001402903813868761, 0.0021615708246827126, 0.0020468905568122864, 0.0016668305033817887, 0.001261322875507176, 0.0011931692715734243, 0.0013924931408837438, 0.0013814549893140793, 0.001293991575948894, 0.0013097241753712296, 0.0012871181825175881, 0.001217778422869742, 0.0011796997860074043, 0.001285725855268538, 0.0012553796404972672, 0.0012947486247867346, 0.0013258463004603982, 0.0012857825495302677, 0.001300673931837082, 0.0013035554438829422], "learning_rate": [0.0010000000474974513, 0.0010000000474974513, 0.0010000000474974513, 0.0010000000474974513, 0.0010000000474974513, 0.0005000000237487257, 0.0005000000237487257, 0.0005000000237487257, 0.0005000000237487257, 0.0002500000118743628, 0.0002500000118743628, 0.0002500000118743628, 0.0001250000059371814, 0.0001250000059371814, 0.0001250000059371814, 6.25000029685907e-05, 6.25000029685907e-05, 6.25000029685907e-05, 3.125000148429535e-05, 3.125000148429535e-05, 3.125000148429535e-05]}