{"loss": [0.008469798602163792, 0.005423713009804487, 0.004949311260133982, 0.0045869005843997, 0.004346198868006468, 0.004295317456126213, 0.0041734809055924416, 0.004130293615162373, 0.004066600929945707, 0.004009662661701441, 0.003939318936318159], "val_loss": [0.001600036397576332, 0.0022679076064378023, 0.001741727814078331, 0.0015711821615695953, 0.001719131600111723, 0.0018984852358698845, 0.0018612246494740248, 0.001598995877429843, 0.0016555644106119871, 0.0018146121874451637, 0.0016816386487334967], "learning_rate": [0.0010000000474974513, 0.0010000000474974513, 0.0010000000474974513, 0.0010000000474974513, 0.0005000000237487257, 0.0005000000237487257, 0.0005000000237487257, 0.0002500000118743628, 0.0002500000118743628, 0.0002500000118743628, 0.0001250000059371814]}