{"loss": [0.018303560093045235, 0.012801915407180786, 0.011877289041876793, 0.011288056150078773, 0.01090756244957447, 0.010340401902794838, 0.010071029886603355, 0.009999099187552929, 0.009798575192689896, 0.009798847138881683, 0.009508059360086918, 0.009417757391929626, 0.009343129582703114, 0.009179853834211826, 0.009082606993615627, 0.00907594058662653, 0.008969304151833057], "val_loss": [0.012259600684046745, 0.011424361728131771, 0.011591209098696709, 0.01160688977688551, 0.011332610622048378, 0.011590245179831982, 0.010858005844056606, 0.01149143185466528, 0.011498476378619671, 0.010760726407170296, 0.012148304842412472, 0.011633924208581448, 0.012764891609549522, 0.011754357255995274, 0.011565644294023514, 0.01163883600383997, 0.012136038392782211], "learning_rate": [0.0010000000474974513, 0.0010000000474974513, 0.0010000000474974513, 0.0010000000474974513, 0.0010000000474974513, 0.0005000000237487257, 0.0005000000237487257, 0.0005000000237487257, 0.0005000000237487257, 0.0005000000237487257, 0.0002500000118743628, 0.0002500000118743628, 0.0002500000118743628, 0.0001250000059371814, 0.0001250000059371814, 0.0001250000059371814, 6.25000029685907e-05]}