{"loss": [0.01904209330677986, 0.015318281948566437, 0.014358915388584137, 0.013869233429431915, 0.013460895046591759, 0.012865273281931877, 0.012670246884226799, 0.012452899478375912, 0.012019757181406021], "val_loss": [0.014611293561756611, 0.014067948795855045, 0.01453967671841383, 0.015606589615345001, 0.015236654318869114, 0.015927447006106377, 0.01779000647366047, 0.016241682693362236, 0.020397484302520752], "learning_rate": [0.0010000000474974513, 0.0010000000474974513, 0.0010000000474974513, 0.0010000000474974513, 0.0010000000474974513, 0.0005000000237487257, 0.0005000000237487257, 0.0005000000237487257, 0.0002500000118743628]}