{"loss": [0.01755967177450657, 0.013785023242235184, 0.012791839428246021, 0.012300447560846806, 0.011797217652201653, 0.011521575041115284, 0.011007358320057392, 0.01082070916891098, 0.01068532932549715, 0.010481927543878555, 0.01035259198397398, 0.01029670424759388, 0.009915991686284542, 0.00981426052749157, 0.009679069742560387, 0.009444566443562508], "val_loss": [0.013870453462004662, 0.015177328139543533, 0.013259855099022388, 0.013603725470602512, 0.01366588193923235, 0.01332008745521307, 0.012592571787536144, 0.013126679696142673, 0.012356322258710861, 0.012582780793309212, 0.012864314951002598, 0.013147395104169846, 0.013219528831541538, 0.012701310217380524, 0.014646199531853199, 0.014453443698585033], "learning_rate": [0.0010000000474974513, 0.0010000000474974513, 0.0010000000474974513, 0.0010000000474974513, 0.0010000000474974513, 0.0010000000474974513, 0.0005000000237487257, 0.0005000000237487257, 0.0005000000237487257, 0.0005000000237487257, 0.0005000000237487257, 0.0005000000237487257, 0.0002500000118743628, 0.0002500000118743628, 0.0002500000118743628, 0.0001250000059371814]}