{"loss": [0.015371589921414852, 0.01025011669844389, 0.009603573940694332, 0.009253226220607758, 0.00907745212316513, 0.008812930434942245, 0.008655542507767677, 0.008544957265257835, 0.008456065319478512, 0.008473092690110207, 0.008217676542699337, 0.008159534074366093, 0.008127001114189625, 0.007938288152217865], "val_loss": [0.0140483183786273, 0.013376655988395214, 0.014804988168179989, 0.014188900589942932, 0.014473148621618748, 0.013619616627693176, 0.013047520071268082, 0.013167916797101498, 0.013288559392094612, 0.013673909939825535, 0.013483647257089615, 0.013284202665090561, 0.013730902224779129, 0.01398111879825592], "learning_rate": [0.0010000000474974513, 0.0010000000474974513, 0.0010000000474974513, 0.0010000000474974513, 0.0010000000474974513, 0.0005000000237487257, 0.0005000000237487257, 0.0005000000237487257, 0.0005000000237487257, 0.0005000000237487257, 0.0002500000118743628, 0.0002500000118743628, 0.0002500000118743628, 0.0001250000059371814]}