{"loss": [0.01310791913419962, 0.008731388486921787, 0.008047826588153839, 0.007664913777261972, 0.007338091265410185, 0.007139557972550392, 0.006938399747014046, 0.006836859043687582, 0.00663178414106369, 0.006546189542859793, 0.006334233097732067, 0.006286719348281622, 0.006142886355519295, 0.006094456650316715, 0.006020646542310715, 0.005896289367228746, 0.005941279698163271, 0.005818735808134079, 0.005836945958435535, 0.0058168647810816765, 0.005760391242802143, 0.005708673968911171, 0.005707181058824062], "val_loss": [0.01194172166287899, 0.011213121935725212, 0.01226892415434122, 0.010290280915796757, 0.010387415066361427, 0.009784148074686527, 0.00951666384935379, 0.010108023881912231, 0.00972455833107233, 0.009503495879471302, 0.009381468407809734, 0.009610706008970737, 0.009828856214880943, 0.009516403079032898, 0.009634343907237053, 0.009377610869705677, 0.009948640130460262, 0.009521915577352047, 0.009453901089727879, 0.009450597688555717, 0.009556688368320465, 0.009536467492580414, 0.009688809514045715], "learning_rate": [0.0010000000474974513, 0.0010000000474974513, 0.0010000000474974513, 0.0010000000474974513, 0.0010000000474974513, 0.0010000000474974513, 0.0010000000474974513, 0.0010000000474974513, 0.0010000000474974513, 0.0010000000474974513, 0.0005000000237487257, 0.0005000000237487257, 0.0005000000237487257, 0.0005000000237487257, 0.0002500000118743628, 0.0002500000118743628, 0.0002500000118743628, 0.0001250000059371814, 0.0001250000059371814, 0.0001250000059371814, 6.25000029685907e-05, 6.25000029685907e-05, 6.25000029685907e-05]}