{"loss": [0.015351319685578346, 0.011665010824799538, 0.01121029444038868, 0.010756401345133781, 0.010561677627265453, 0.010253435000777245, 0.010084080509841442, 0.00958671048283577, 0.009404325857758522, 0.009203367866575718, 0.008908293209969997], "val_loss": [0.016079453751444817, 0.016178155317902565, 0.015949059277772903, 0.015824735164642334, 0.016280531883239746, 0.01651902124285698, 0.01622467115521431, 0.01685728132724762, 0.017255233600735664, 0.017906635999679565, 0.018209921196103096], "learning_rate": [0.0010000000474974513, 0.0010000000474974513, 0.0010000000474974513, 0.0010000000474974513, 0.0010000000474974513, 0.0010000000474974513, 0.0010000000474974513, 0.0005000000237487257, 0.0005000000237487257, 0.0005000000237487257, 0.0002500000118743628]}